--
-- PostgreSQL database dump
--

-- Dumped from database version 16.9 (Ubuntu 16.9-1.pgdg22.04+1)
-- Dumped by pg_dump version 16.9 (Ubuntu 16.9-1.pgdg22.04+1)

SET statement_timeout = 0;
SET lock_timeout = 0;
SET idle_in_transaction_session_timeout = 0;
SET client_encoding = 'UTF8';
SET standard_conforming_strings = on;
SELECT pg_catalog.set_config('search_path', '', false);
SET check_function_bodies = false;
SET xmloption = content;
SET client_min_messages = warning;
SET row_security = off;

--
-- Name: public; Type: SCHEMA; Schema: -; Owner: morteza
--

-- *not* creating schema, since initdb creates it


ALTER SCHEMA public OWNER TO morteza;

--
-- Name: SCHEMA public; Type: COMMENT; Schema: -; Owner: morteza
--

COMMENT ON SCHEMA public IS '';


SET default_tablespace = '';

SET default_table_access_method = heap;

--
-- Name: Category; Type: TABLE; Schema: public; Owner: morteza
--

CREATE TABLE public."Category" (
    id integer NOT NULL,
    name text NOT NULL,
    "createdAt" timestamp(3) without time zone DEFAULT CURRENT_TIMESTAMP NOT NULL,
    "updatedAt" timestamp(3) without time zone NOT NULL,
    "brandColor" text,
    "position" integer DEFAULT 0 NOT NULL
);


ALTER TABLE public."Category" OWNER TO morteza;

--
-- Name: Category_id_seq; Type: SEQUENCE; Schema: public; Owner: morteza
--

CREATE SEQUENCE public."Category_id_seq"
    AS integer
    START WITH 1
    INCREMENT BY 1
    NO MINVALUE
    NO MAXVALUE
    CACHE 1;


ALTER SEQUENCE public."Category_id_seq" OWNER TO morteza;

--
-- Name: Category_id_seq; Type: SEQUENCE OWNED BY; Schema: public; Owner: morteza
--

ALTER SEQUENCE public."Category_id_seq" OWNED BY public."Category".id;


--
-- Name: Price; Type: TABLE; Schema: public; Owner: morteza
--

CREATE TABLE public."Price" (
    id integer NOT NULL,
    amount numeric(15,2) NOT NULL,
    "createdAt" timestamp(3) without time zone DEFAULT CURRENT_TIMESTAMP NOT NULL,
    "productId" integer NOT NULL,
    color text,
    storage text,
    warranty text,
    label text
);


ALTER TABLE public."Price" OWNER TO morteza;

--
-- Name: Price_id_seq; Type: SEQUENCE; Schema: public; Owner: morteza
--

CREATE SEQUENCE public."Price_id_seq"
    AS integer
    START WITH 1
    INCREMENT BY 1
    NO MINVALUE
    NO MAXVALUE
    CACHE 1;


ALTER SEQUENCE public."Price_id_seq" OWNER TO morteza;

--
-- Name: Price_id_seq; Type: SEQUENCE OWNED BY; Schema: public; Owner: morteza
--

ALTER SEQUENCE public."Price_id_seq" OWNED BY public."Price".id;


--
-- Name: Product; Type: TABLE; Schema: public; Owner: morteza
--

CREATE TABLE public."Product" (
    id integer NOT NULL,
    name text NOT NULL,
    "categoryId" integer NOT NULL,
    "createdAt" timestamp(3) without time zone DEFAULT CURRENT_TIMESTAMP NOT NULL,
    "updatedAt" timestamp(3) without time zone NOT NULL,
    description text
);


ALTER TABLE public."Product" OWNER TO morteza;

--
-- Name: Product_id_seq; Type: SEQUENCE; Schema: public; Owner: morteza
--

CREATE SEQUENCE public."Product_id_seq"
    AS integer
    START WITH 1
    INCREMENT BY 1
    NO MINVALUE
    NO MAXVALUE
    CACHE 1;


ALTER SEQUENCE public."Product_id_seq" OWNER TO morteza;

--
-- Name: Product_id_seq; Type: SEQUENCE OWNED BY; Schema: public; Owner: morteza
--

ALTER SEQUENCE public."Product_id_seq" OWNED BY public."Product".id;


--
-- Name: User; Type: TABLE; Schema: public; Owner: morteza
--

CREATE TABLE public."User" (
    id integer NOT NULL,
    email text NOT NULL,
    password text NOT NULL,
    "createdAt" timestamp(3) without time zone DEFAULT CURRENT_TIMESTAMP NOT NULL
);


ALTER TABLE public."User" OWNER TO morteza;

--
-- Name: User_id_seq; Type: SEQUENCE; Schema: public; Owner: morteza
--

CREATE SEQUENCE public."User_id_seq"
    AS integer
    START WITH 1
    INCREMENT BY 1
    NO MINVALUE
    NO MAXVALUE
    CACHE 1;


ALTER SEQUENCE public."User_id_seq" OWNER TO morteza;

--
-- Name: User_id_seq; Type: SEQUENCE OWNED BY; Schema: public; Owner: morteza
--

ALTER SEQUENCE public."User_id_seq" OWNED BY public."User".id;


--
-- Name: _prisma_migrations; Type: TABLE; Schema: public; Owner: morteza
--

CREATE TABLE public._prisma_migrations (
    id character varying(36) NOT NULL,
    checksum character varying(64) NOT NULL,
    finished_at timestamp with time zone,
    migration_name character varying(255) NOT NULL,
    logs text,
    rolled_back_at timestamp with time zone,
    started_at timestamp with time zone DEFAULT now() NOT NULL,
    applied_steps_count integer DEFAULT 0 NOT NULL
);


ALTER TABLE public._prisma_migrations OWNER TO morteza;

--
-- Name: Category id; Type: DEFAULT; Schema: public; Owner: morteza
--

ALTER TABLE ONLY public."Category" ALTER COLUMN id SET DEFAULT nextval('public."Category_id_seq"'::regclass);


--
-- Name: Price id; Type: DEFAULT; Schema: public; Owner: morteza
--

ALTER TABLE ONLY public."Price" ALTER COLUMN id SET DEFAULT nextval('public."Price_id_seq"'::regclass);


--
-- Name: Product id; Type: DEFAULT; Schema: public; Owner: morteza
--

ALTER TABLE ONLY public."Product" ALTER COLUMN id SET DEFAULT nextval('public."Product_id_seq"'::regclass);


--
-- Name: User id; Type: DEFAULT; Schema: public; Owner: morteza
--

ALTER TABLE ONLY public."User" ALTER COLUMN id SET DEFAULT nextval('public."User_id_seq"'::regclass);


--
-- Data for Name: Category; Type: TABLE DATA; Schema: public; Owner: morteza
--

COPY public."Category" (id, name, "createdAt", "updatedAt", "brandColor", "position") FROM stdin;
25	XIAOMI	2025-07-12 14:24:29.595	2025-07-22 14:15:47.814	bg-sky-700	0
8	APPLE	2025-07-12 11:55:37.54	2025-07-22 14:13:12.032	bg-zinc-700	1
7	ACCESSORIES APPLE	2025-07-12 11:55:17.517	2025-07-22 14:13:12.032	bg-stone-700	2
10	SAMSUNG	2025-07-12 11:56:36.58	2025-07-22 14:13:12.032	bg-gray-700	3
9	ACCESSORIES SAMSUNG	2025-07-12 11:56:04.324	2025-07-22 14:13:12.032	bg-slate-700	4
11	HUAWEI	2025-07-12 11:57:08.076	2025-07-22 14:13:12.032	bg-red-700	5
12	REALME	2025-07-12 11:57:17.379	2025-07-22 14:13:12.032	bg-rose-700	6
15	MOTOROLA	2025-07-12 11:58:00.124	2025-07-22 14:13:12.032	bg-yellow-600	7
14	ACCESSORIES MOTOROLA	2025-07-12 11:57:41.595	2025-07-22 14:13:12.032	bg-amber-700	8
16	GOOGLE	2025-07-12 11:58:15.325	2025-07-22 14:13:12.032	bg-lime-600	9
18	NOTHING	2025-07-12 11:58:53.275	2025-07-22 14:13:12.032	bg-emerald-700	10
17	ACCESSORIES NOTHING	2025-07-12 11:58:25.772	2025-07-22 14:13:12.032	bg-green-700	11
20	Tab Xiaomi	2025-07-12 11:59:18.739	2025-07-22 14:13:12.032	bg-cyan-700	12
19	ACCESSORIES XIAOMI	2025-07-12 11:59:08.524	2025-07-22 14:13:12.032	bg-teal-700	13
23	ONE PLUS	2025-07-12 11:59:58.5	2025-07-22 14:13:12.032	bg-blue-700	14
22	ACCESSORIES ONE PLUS	2025-07-12 11:59:50.363	2025-07-22 14:13:12.032	bg-blue-700	15
\.


--
-- Data for Name: Price; Type: TABLE DATA; Schema: public; Owner: morteza
--

COPY public."Price" (id, amount, "createdAt", "productId", color, storage, warranty, label) FROM stdin;
51	28300000.00	2025-07-18 23:36:31.547	70	ROSE GOLD	\N	YES	اصلی
54	19500000.00	2025-07-18 23:37:55.316	73	STARLITE	\N	YES	اصلی
55	18800000.00	2025-07-18 23:38:33.964	74	SILVER	\N	YES	اصلی
53	19500000.00	2025-07-18 23:37:30.958	72	SILVER	\N	YES	اصلی
52	19500000.00	2025-07-18 23:37:01.357	71	MIDNIGHT	\N	YES	اصلی
66	7500000.00	2025-07-18 23:44:28.014	85	\N	\N	NO	اصلی
65	10100000.00	2025-07-18 23:44:09.285	84	\N	\N	NO	اصلی
67	800000.00	2025-07-18 23:44:46.837	86	\N	\N	NO	اصلی
60	700000.00	2025-07-18 23:41:49.804	79	\N	\N	\N	اصلی
61	300000.00	2025-07-18 23:42:21.719	80	\N	\N	NO	اصلی
64	800000.00	2025-07-18 23:43:45.675	83	\N	\N	NO	اصلی
63	1000000.00	2025-07-18 23:43:26.198	82	\N	\N	NO	اصلی
75	89500000.00	2025-07-19 13:10:49.002	94	WHITE	128G	YES	اصلی
97	145000000.00	2025-07-19 14:54:18.908	116	Desert Titanium	256G	YES	اصلی
79	111000000.00	2025-07-19 13:24:17.963	98	WHITE	256G	YES	اصلی
114	87500000.00	2025-07-19 15:23:20.616	133	BLUE	512G	YES	اصلی
77	108800000.00	2025-07-19 13:18:36.196	96	BLACK	256G	YES	اصلی
81	86500000.00	2025-07-19 13:26:37.154	100	Desert Titanium	128G	NO	اصلی
87	106000000.00	2025-07-19 14:45:36.901	106	Desert Titanium	256G	NO	اصلی
44	65800000.00	2025-07-18 23:30:58.299	63	DARK GREEN ALPINE	\N	NO	اصلی
46	25500000.00	2025-07-18 23:33:25.206	65	MIDNIGHT	\N	YES	اصلی
49	27800000.00	2025-07-18 23:34:51.135	68	ROSE GOLD	\N	YES	اصلی
47	29300000.00	2025-07-18 23:33:57.054	66	JET BLACK	\N	YES	اصلی
48	29300000.00	2025-07-18 23:34:25.409	67	SILVER	\N	YES	اصلی
50	28100000.00	2025-07-18 23:35:47.569	69	JET BLACK	\N	YES	اصلی
45	67000000.00	2025-07-18 23:31:18.17	64	BLACK TITANIUM	\N	NO	اصلی
72	8900000.00	2025-07-18 23:46:31.038	91	\N	\N	YES	اصلی
71	9900000.00	2025-07-18 23:46:08.042	90	\N	\N	YES	اصلی
68	11000000.00	2025-07-18 23:45:12.08	87	\N	\N	YES	اصلی
69	13900000.00	2025-07-18 23:45:31.721	88	\N	\N	YES	اصلی
70	16600000.00	2025-07-18 23:45:48.361	89	\N	\N	YES	اصلی
59	40500000.00	2025-07-18 23:41:21.158	78	BLACK	\N	YES	اصلی
58	45000000.00	2025-07-18 23:40:57.202	77	BLACK	\N	NO	اصلی
57	44500000.00	2025-07-18 23:40:31.725	76	PURPLE	\N	NO	اصلی
56	45000000.00	2025-07-18 23:40:06.559	75	STARLIGHT	\N	NO	اصلی
62	1700000.00	2025-07-18 23:43:04.52	81	\N	\N	YES	اصلی
115	87500000.00	2025-07-19 15:24:01.635	134	GOLD	512G	YES	اصلی
116	89800000.00	2025-07-19 15:26:23.886	135	BLUE	1TB	YES	اصلی
118	47500000.00	2025-07-19 15:28:19.941	137	GRAY	\N	NO	اصلی
119	76500000.00	2025-07-19 15:28:47.902	138	GRAY STAR	256G	NO	اصلی
120	65500000.00	2025-07-19 15:32:29.787	139	GRAY PURPLE STAR BLUE	128G	NO	اصلی
121	59500000.00	2025-07-19 15:33:23.1	140	BLUE BLACK	256G	NO	اصلی
122	46000000.00	2025-07-19 15:33:51.899	141	BLACK	64G	NO	اصلی
123	53000000.00	2025-07-19 15:34:53.542	142	BLACK	256G	NO	اصلی
124	39500000.00	2025-07-19 15:35:36.06	143	BLUE	256G	NO	اصلی
125	33000000.00	2025-07-19 15:36:26.425	144	YELLOW SILVER	128G	NO	اصلی
126	33000000.00	2025-07-19 15:36:58.16	145	PINK	128G	NO	اصلی
127	110000000.00	2025-07-19 15:37:46.763	146	GRAY	1TB	NO	اصلی
128	100000000.00	2025-07-19 15:39:17.753	147	GRAY	512G	NO	اصلی
129	84000000.00	2025-07-19 15:40:02.116	148	BLACK SILVER	256G	NO	اصلی
131	119000000.00	2025-07-19 16:08:35.531	150	SILVER	512G	NO	اصلی
132	119000000.00	2025-07-19 16:09:41.18	151	BLACK SILVER	512G	NO	اصلی
133	142500000.00	2025-07-19 16:10:16.167	152	BLACK SILVER	1TB	NO	اصلی
134	34800000.00	2025-07-19 16:11:51.636	153	PURPLE PINK	256G	NO	اصلی
135	120000000.00	2025-07-19 16:12:42.771	154	MC6A4	\N	NO	اصلی
136	231000000.00	2025-07-19 16:13:23.898	155	MW2U3	\N	NO	اصلی
110	58700000.00	2025-07-19 15:18:29.013	129	BLACK	128G	YES	اصلی
107	66900000.00	2025-07-19 15:16:25.512	126	STARLIGHT	128G	YES	اصلی
113	89800000.00	2025-07-19 15:21:05.925	132	GOLD	256G	YES	اصلی
108	64500.00	2025-07-19 15:16:51.197	127	MIDNIGHT	128G	YES	اصلی
76	89800000.00	2025-07-19 13:13:26.832	95	TEAL-GREEN	128G	YES	اصلی
73	89800000.00	2025-07-19 12:59:31.404	92	BLACK	128G	YES	اصلی
99	145000000.00	2025-07-19 14:58:07.03	118	Desert Titanium	256G	YES	اصلی
83	97000000.00	2025-07-19 13:31:24.652	102	Black Titanium	256G	NO	اصلی
74	67700000.00	2025-07-19 13:01:44.256	93	BLACK	128G	NO	اصلی
109	67800000.00	2025-07-19 15:17:36.504	128	BLUE	128G	YES	اصلی
112	91000000.00	2025-07-19 15:20:15.895	131	SILVER	256G	YES	اصلی
117	118000000.00	2025-07-19 15:27:00.98	136	BLACK	1TB	YES	اصلی
86	139800000.00	2025-07-19 14:45:01.18	105	Desert Titanium	256G	YES	اصلی
89	177000000.00	2025-07-19 14:47:57.512	108	Desert Titanium	512G	YES	اصلی
88	192000000.00	2025-07-19 14:46:57.562	107	White Titanium	512G	YES	اصلی
82	140500000.00	2025-07-19 13:30:11.85	101	Black Titanium	256G	YES	اصلی
105	206000000.00	2025-07-19 15:02:09.558	124	Black Titanium	1TB	YES	اصلی
100	174000000.00	2025-07-19 14:58:41.43	119	Desert Titanium	512G	YES	اصلی
102	179500000.00	2025-07-19 15:00:16.231	121	White Titanium	512G	YES	اصلی
96	150800.00	2025-07-19 14:53:48.24	115	Desert Titanium	256G	YES	اصلی
103	174000000.00	2025-07-19 15:00:45.189	122	Black Titanium	512G	YES	اصلی
98	150800000.00	2025-07-19 14:57:05.639	117	Desert Titanium	256G	YES	اصلی
106	206000000.00	2025-07-19 15:02:32.176	125	White Titanium	1TB	YES	اصلی
92	152900000.00	2025-07-19 14:50:19.555	111	White Titanium	256G	YES	اصلی
90	150000000.00	2025-07-19 14:48:49.155	109	Black Titanium	256G	YES	اصلی
94	150500000.00	2025-07-19 14:51:57.67	113	Natural Titanium	256G	YES	اصلی
91	113000000.00	2025-07-19 14:49:31.976	110	Black Titanium	256G	NO	اصلی
101	131500000.00	2025-07-19 14:59:17.071	120	Desert Titanium	512G	NO	اصلی
93	112500000.00	2025-07-19 14:51:12.318	112	White Titanium	256G	NO	اصلی
104	131500000.00	2025-07-19 15:01:14.433	123	Black Titanium	512G	NO	اصلی
95	111000000.00	2025-07-19 14:52:33.599	114	Natural Titanium	256G	NO	اصلی
80	89000000.00	2025-07-19 13:25:28.332	99	Black Titanium	128G	NO	اصلی
137	70000000.00	2025-07-19 16:14:02.569	156	MC7X4	\N	NO	اصلی
130	104000000.00	2025-07-19 16:06:18.989	149	BLACK	512G	NO	اصلی
138	81500000.00	2025-07-19 16:14:46.863	157	MC8H4	\N	NO	اصلی
139	80500000.00	2025-07-19 16:15:18.851	158	MC8K4	\N	NO	اصلی
140	80500000.00	2025-07-19 16:15:48.242	159	MC8J4	\N	NO	اصلی
141	94000000.00	2025-07-19 16:16:51.787	160	MC9G4	\N	NO	اصلی
142	27000000.00	2025-07-19 16:19:16.457	161	SILVER	\N	YES	اصلی
143	27200000.00	2025-07-19 16:20:16.769	162	GRAY	\N	YES	اصلی
144	26000000.00	2025-07-19 16:20:48.771	163	WHITE	\N	YES	اصلی
145	12800000.00	2025-07-19 16:21:35.418	164	GREEN	\N	YES	اصلی
146	13500000.00	2025-07-19 16:22:18.496	165	SILVER	\N	YES	اصلی
147	11500000.00	2025-07-19 16:22:45.414	166	CREAM	\N	YES	اصلی
148	13000000.00	2025-07-19 16:23:19.115	167	ASTRO EDITION	\N	YES	اصلی
149	12800000.00	2025-07-19 16:23:52.761	168	BLACK	\N	YES	اصلی
150	12500000.00	2025-07-19 16:24:16.347	169	SILVER	\N	YES	اصلی
151	12700000.00	2025-07-19 16:25:00.476	170	BLACK	\N	YES	اصلی
152	12400000.00	2025-07-19 16:25:46.504	171	SILVER	\N	YES	اصلی
153	12700000.00	2025-07-19 16:26:23.631	172	BLACK	\N	YES	اصلی
154	12100000.00	2025-07-19 16:26:52.836	173	SILVER	\N	YES	اصلی
155	11200000.00	2025-07-19 16:27:38.479	174	GOLD	\N	YES	اصلی
156	13000000.00	2025-07-19 16:34:12.313	175	BLACK	\N	YES	اصلی
157	3500000.00	2025-07-19 16:35:48.198	176	BLACK SILVER ROSE	\N	YES	اصلی
158	3500000.00	2025-07-19 16:36:27.881	177	BLACK	\N	NO	اصلی
159	9300000.00	2025-07-19 16:37:16.234	178	WHITE SILVER	\N	YES	اصلی
160	5850000.00	2025-07-19 16:37:53.998	179	SILVER	\N	YES	اصلی
161	8000000.00	2025-07-19 16:38:37.514	180	BLACK SILVER	\N	YES	اصلی
162	3700000.00	2025-07-19 16:39:55.535	181	BLACK WHITE	\N	YES	اصلی
163	900000.00	2025-07-19 16:40:17.767	182	WHITE	\N	YES	اصلی
164	1300000.00	2025-07-19 16:40:44.21	183	BLACK 	\N	YES	اصلی
165	700000.00	2025-07-19 16:41:05.518	184	BLACK	\N	YES	اصلی
192	29600000.00	2025-07-19 23:02:35.558	211	BLACK	64G	YES	اصلی
166	9250000.00	2025-07-19 16:44:38.478	185	BLACK BLUE GOLD	128G	YES	اصلی
171	11900000.00	2025-07-19 16:53:03.516	190	BLACK WHITE GREEN	128G	YES	اصلی
174	18100000.00	2025-07-19 16:57:04.072	193	BLACK	128G	YES	اصلی
214	650000.00	2025-07-19 23:36:32.6	233	BLUE	\N	YES	اصلی
170	14200000.00	2025-07-19 16:51:26.318	189	WHITE	128G	YES	اصلی
169	16800000.00	2025-07-19 16:48:36.831	188	BLACK WHITE GREEN	256G	YES	اصلی
173	22500000.00	2025-07-19 16:55:28.168	192	BLACK	256G	YES	اصلی
178	36000000.00	2025-07-19 21:28:10.703	197	VIOLET	256G	YES	اصلی
202	32500000.00	2025-07-19 23:26:16.218	221	ORANGE PURPLE BLACK	256G	YES	اصلی
203	24400000.00	2025-07-19 23:26:58.052	222	CYAN WHITE	256G	YES	اصلی
204	16600000.00	2025-07-19 23:27:49.134	223	GREEN WHITE	256G	YES	اصلی
205	10400000.00	2025-07-19 23:28:29.968	224	BLACK PURPLE	128G	YES	اصلی
206	32900000.00	2025-07-19 23:29:01.964	225	GREEN BLACK	256G	YES	اصلی
207	75000000.00	2025-07-19 23:29:52.242	226	BLACK WHITE	512G	YES	اصلی
208	34200000.00	2025-07-19 23:30:44.245	227	BLACK SILVER CYAN	256G	YES	اصلی
209	13300000.00	2025-07-19 23:32:11.606	228	BLACK GOLD	128G	YES	اصلی
210	9300000.00	2025-07-19 23:32:50.328	229	BLACK BLUE	256G	YES	اصلی
211	7800000.00	2025-07-19 23:33:21.016	230	BLACK BLUE	128G	YES	اصلی
212	4300000.00	2025-07-19 23:35:44.441	231	STARLIGHT BLUE GLACIER BLUE	\N	YES	اصلی
213	3300000.00	2025-07-19 23:36:07.52	232	BLACK	\N	YES	اصلی
215	37500000.00	2025-07-19 23:39:29.643	234	PEACH FUZZ	512G	YES	اصلی
216	38400000.00	2025-07-19 23:40:01.361	235	KOALA GRAY	512G	YES	اصلی
217	37800000.00	2025-07-19 23:40:29.316	236	JUNGLE GREEN	512G	YES	اصلی
218	31800000.00	2025-07-19 23:41:14.567	237	FOREST BLUE	512G	YES	اصلی
219	17400000.00	2025-07-19 23:41:54.252	238	BLUE	256G	YES	اصلی
220	15200000.00	2025-07-19 23:43:31.485	239	LEAF GREEN MIDNIGHT BLACK	256G	YES	اصلی
221	20100000.00	2025-07-19 23:44:31.249	240	MIDNIGHT BLUE GREEN	256G	YES	اصلی
222	22200000.00	2025-07-19 23:46:29.401	241	GREEN BLUE	256G	YES	اصلی
223	156000000.00	2025-07-19 23:59:26.286	242	BLACK	512G	YES	اصلی
224	128000000.00	2025-07-19 23:59:52.442	243	PINK	256G	YES	اصلی
225	125000000.00	2025-07-20 00:01:23.96	244	BLACK	128G	YES	اصلی
226	205000000.00	2025-07-20 00:02:47.283	245	BLACK	256G	YES	اصلی
227	148000000.00	2025-07-20 00:05:02.928	246	BLACK	512G	YES	اصلی
228	136000000.00	2025-07-20 00:06:36.844	247	CREAM	256G	YES	اصلی
229	129000000.00	2025-07-20 00:09:07.771	248	BLACK	128G	YES	اصلی
230	60000000.00	2025-07-20 00:12:27.869	249	BLACK GREEN BLUE	128G	YES	اصلی
231	69000000.00	2025-07-20 00:14:19.603	250	BLACK ROSE	256G	YES	اصلی
172	22500000.00	2025-07-19 16:54:48.631	191	BLACK	256G	YES	اصلی
177	36800000.00	2025-07-19 21:27:07.263	196	BLACK	256G	YES	اصلی
175	27300000.00	2025-07-19 17:22:53.583	194	BLACK SILVER GREEN	256G	YES	اصلی
176	22800000.00	2025-07-19 21:23:51.161	195	BLACK LAVANDER GREEN	128G	YES	اصلی
179	34000000.00	2025-07-19 21:29:00.664	198	BLACK SILVER	256G	YES	اصلی
180	28500000.00	2025-07-19 21:30:17.066	199	BLACK GREEN	128G	\N	اصلی
199	15800000.00	2025-07-19 23:16:41.641	218	NAVY BLACK WHITE	64G	YES	اصلی
198	22800000.00	2025-07-19 23:15:52.283	217	BLACK NAVY	128G	YES	اصلی
201	9300000.00	2025-07-19 23:18:48.521	220	BLACK WHITE NAVY	64G	YES	اصلی
200	13300000.00	2025-07-19 23:18:08.201	219	NAVY WHITE	128G	YES	اصلی
196	40500000.00	2025-07-19 23:14:25.083	215	BLACK BLUE	128G	YES	اصلی
197	44000000.00	2025-07-19 23:15:03.207	216	SILVER BLACK BLUE	128G	YES	اصلی
193	81500000.00	2025-07-19 23:12:00.404	212	BLACK SILVER	256G	YES	اصلی
194	98700000.00	2025-07-19 23:13:18.207	213	BLACK SILVER	256G	YES	اصلی
195	70000000.00	2025-07-19 23:13:56.522	214	BLACK	256G	YES	اصلی
186	42500000.00	2025-07-19 21:41:51.341	205	BLACK	256G	YES	اصلی
185	94500000.00	2025-07-19 21:41:02.669	204	Titanium Gray	256G	YES	اصلی
181	113500000.00	2025-07-19 21:37:13.315	200	JET BLACK	512G	YES	اصلی
183	128500000.00	2025-07-19 21:39:09.761	202	BLUE SILVER	512G	YES	اصلی
184	109000000.00	2025-07-19 21:40:14.023	203	BLACK SILVER BLUE	256G	YES	اصلی
182	132000000.00	2025-07-19 21:38:30.456	201	BLACK GRAY	512G	YES	اصلی
167	8500000.00	2025-07-19 16:45:40.285	186	BLACK BLUE GOLD	128G	YES	اصلی
191	22000000.00	2025-07-19 23:01:57.766	210	BLACK	128G	YES	اصلی
188	138000000.00	2025-07-19 22:06:03.47	207	NAVY	256G	YES	اصلی
189	142000000.00	2025-07-19 22:08:35.236	208	SILVER	256G	YES	اصلی
190	56000000.00	2025-07-19 23:00:24.964	209	BLACK	256G	YES	اصلی
232	86000000.00	2025-07-20 00:15:19.4	251	PURPLE	256G	YES	اصلی
233	68000000.00	2025-07-20 00:15:52.039	252	BLACK PINK	128G	YES	اصلی
234	92000000.00	2025-07-20 00:17:38.031	253	BLACK PINK 	128G	YES	اصلی
235	38000000.00	2025-07-20 00:19:51.646	254	BLACK SILVER	\N	YES	اصلی
236	34900000.00	2025-07-20 00:20:53.396	255	BLACK PINK SILVER YELLOW	\N	YES	اصلی
237	19500000.00	2025-07-20 00:21:24.327	256	BLACK PINK GREEN	\N	YES	اصلی
238	4600000.00	2025-07-20 00:26:09.678	257	BLACK	\N	YES	اصلی
239	3800000.00	2025-07-20 00:28:41.409	258	\N	\N	YES	اصلی
240	3700000.00	2025-07-20 00:29:22.327	259	BLUE ORANGE	\N	NO	اصلی
241	41000000.00	2025-07-20 00:32:37.204	260	WHITE	256G	YES	اصلی
242	46500000.00	2025-07-20 00:33:04.644	261	BLACK	512G	YES	اصلی
243	32200000.00	2025-07-20 00:33:35.965	262	BLACK	256G	YES	اصلی
244	27400000.00	2025-07-20 00:34:09.08	263	BLACK	256G	YES	اصلی
247	61000000.00	2025-07-20 01:19:16.518	266	\N	\N	NO	اصلی
246	42800000.00	2025-07-20 01:18:47.791	265	\N	\N	NO	اصلی
245	41000000.00	2025-07-20 01:18:27.842	264	\N	\N	NO	اصلی
248	1600.00	2025-07-20 01:20:09.047	267	ORGINAL	\N	YES	اصلی
249	2900000.00	2025-07-20 01:20:42.08	268	BLACK	\N	NO	اصلی
250	2550000.00	2025-07-20 01:21:07.09	269	BLACK	\N	NO	اصلی
251	2800000.00	2025-07-20 01:21:27.957	270	WHITE	\N	NO	اصلی
252	28000000.00	2025-07-20 01:22:28.643	271	GRAY	256G	YES	اصلی
253	19500000.00	2025-07-20 01:23:03.278	272	BLACK	256G	YES	اصلی
254	19500000.00	2025-07-20 01:23:38.401	273	BLACK	256G	YES	اصلی
255	13500000.00	2025-07-20 01:24:03.985	274	PURPLE GREEN	256G	YES	اصلی
256	13500000.00	2025-07-20 01:24:41.47	275	BLACK	256G	YES	اصلی
274	2500000.00	2025-07-20 01:37:09.66	293	BLACK BLUE	\N	NO	اصلی
275	5100000.00	2025-07-20 01:37:34.665	294	BLACK	\N	NO	اصلی
276	2800000.00	2025-07-20 01:38:03.068	295	\N	\N	ORGINAL	اصلی
277	49500000.00	2025-07-20 01:38:49.759	296	BLACK	512G	NO	اصلی
278	70500000.00	2025-07-20 01:39:41.573	297	BLACK GREEN	256G	NO	اصلی
279	69500000.00	2025-07-20 01:40:20.907	298	BLACK GOLD	256G	YES	اصلی
280	76000000.00	2025-07-20 01:41:00.963	299	BLACK GOLD	512G	NO	اصلی
281	84500000.00	2025-07-20 01:41:33.022	300	BLACK	512G	NO	اصلی
111	57700000.00	2025-07-19 15:19:01.986	130	WHITE	128G	YES	اصلی
84	142500000.00	2025-07-19 13:32:55.888	103	White Titanium	256G	YES	اصلی
168	7930000.00	2025-07-19 16:46:50.995	187	BLACK	64G	YES	اصلی
187	40900000.00	2025-07-19 21:42:39.66	206	GRAY BLUE	256G	YES	اصلی
262	7700000.00	2025-07-20 01:29:04.849	281	BLACK	128G	YES	اصلی
259	19700000.00	2025-07-20 01:27:40.833	278	GREEN	256G	YES	اصلی
260	19800000.00	2025-07-20 01:28:10.139	279	SILVER	256G	YES	اصلی
267	23200000.00	2025-07-20 01:32:04.224	286	BLACK PURPLE	512G	YES	اصلی
268	19900000.00	2025-07-20 01:32:41.004	287	BLACK BLUE	256G	YES	اصلی
266	27200000.00	2025-07-20 01:31:26.097	285	GREEN PURPLE	512G	YES	اصلی
269	15000000.00	2025-07-20 01:33:20.58	288	BLACK GREEN BLUE	256G	YES	اصلی
265	16700000.00	2025-07-20 01:30:43.014	284	BLUE	256G	YES	اصلی
264	16800000.00	2025-07-20 01:30:14.062	283	BLACK	256G	YES	اصلی
263	11100000.00	2025-07-20 01:29:42.278	282	BLACK	256G	YES	اصلی
261	11000000.00	2025-07-20 01:28:36.935	280	GRAY	256G	YES	اصلی
258	30800000.00	2025-07-20 01:27:05.232	277	BLACK	512G	YES	اصلی
257	23700000.00	2025-07-20 01:26:32.763	276	GREEN	512G	YES	اصلی
270	11900000.00	2025-07-20 01:34:01.335	289	BLACK	256G	YES	اصلی
273	7300000.00	2025-07-20 01:36:02.488	292	BLACK	128G	YES	اصلی
272	6550000.00	2025-07-20 01:35:33.864	291	BLACK BLUE GREEN GOLD	64G	YES	اصلی
271	7650000.00	2025-07-20 01:34:38.535	290	BLACK BLUE GREEN	128G	YES	اصلی
\.


--
-- Data for Name: Product; Type: TABLE DATA; Schema: public; Owner: morteza
--

COPY public."Product" (id, name, "categoryId", "createdAt", "updatedAt", description) FROM stdin;
15	iphone 14 promax	7	2025-07-12 14:56:34.344	2025-07-12 14:56:34.344	\N
16	iphone 14 max	8	2025-07-12 17:42:35.477	2025-07-12 17:42:35.477	\N
17	iphone 14 max	7	2025-07-12 17:43:29.077	2025-07-13 17:10:47.733	\N
19	کابل	7	2025-07-16 13:03:46.533	2025-07-16 13:03:46.533	\N
18	IPHONE 13	8	2025-07-16 02:06:43.158	2025-07-17 14:07:08.94	GHDFG
49	AIR POD 2	7	2025-07-17 14:03:13.27	2025-07-18 21:34:17.721	\N
48	AIR POD 3	7	2025-07-17 14:02:50.079	2025-07-18 21:35:13.732	\N
45	AIR POD 4	7	2025-07-17 13:57:49.791	2025-07-18 21:41:30.603	\N
46	AIR POD 4 ANC	7	2025-07-17 13:58:17.458	2025-07-18 21:41:45.428	\N
47	AIR POD PRO 2 USB-C	7	2025-07-17 14:01:24.786	2025-07-18 21:41:52.412	\N
35	AIR PODS MAX	7	2025-07-17 13:40:32.363	2025-07-18 21:42:01.33	\N
33	AIR PODS MAX 2	7	2025-07-17 13:38:17.64	2025-07-18 21:42:12.886	\N
32	AIR PODS MAX 2	7	2025-07-17 13:34:48.722	2025-07-18 21:42:19.527	\N
34	AIR PODS MAX 2	7	2025-07-17 13:38:44.598	2025-07-18 21:42:25.828	\N
20	Apple Watch Ultra 2 NEW 49MM	7	2025-07-17 02:00:00.875	2025-07-18 21:43:31.612	\N
38	CHARGER 20W 3PIN	7	2025-07-17 13:43:22.122	2025-07-18 21:43:55.172	\N
27	IWATCH 10 42MM	7	2025-07-17 13:28:32.685	2025-07-18 21:45:16.084	\N
25	IWATCH 10 42MM	7	2025-07-17 02:12:28.955	2025-07-18 21:46:02.965	\N
22	IWATCH 10 46MM	7	2025-07-17 02:06:00.973	2025-07-18 21:46:10.708	\N
23	IWATCH 10 46MM	7	2025-07-17 02:07:01.368	2025-07-18 21:46:18.031	\N
31	IWATCH 10 SE 40MM	7	2025-07-17 13:34:19.639	2025-07-18 21:46:26.253	\N
26	IWATCH 10 42MM	7	2025-07-17 02:13:10.148	2025-07-18 21:46:34.248	\N
24	IWATCH 10 46MM	7	2025-07-17 02:08:05.987	2025-07-18 21:46:44.986	\N
30	IWATCH 10 SE 44MM	7	2025-07-17 13:30:33.088	2025-07-18 21:47:02.423	\N
28	IWATCH 10 SE 44MM	7	2025-07-17 13:29:12.385	2025-07-18 21:47:09.262	\N
29	IWATCH 10 SE 44MM	7	2025-07-17 13:29:51.467	2025-07-18 21:47:31.928	\N
21	IWATCH 9 41MM	7	2025-07-17 02:05:18.738	2025-07-18 21:48:28.523	\N
39	کابل کنفی اصلی TYPE C	7	2025-07-17 13:43:50.313	2025-07-18 21:48:36.003	\N
40	کابل اصلی لایتنینگ	7	2025-07-17 13:54:47.499	2025-07-18 21:48:42.434	\N
37	تبدیل 3 به 2 هادرون چراغ دار	7	2025-07-17 13:42:50.538	2025-07-18 21:48:48.32	\N
36	تبدیل 3 به 2 هادرون تایمر دار	7	2025-07-17 13:41:09.246	2025-07-18 21:48:54.713	\N
43	USB-C TO APPLE PENCIL	7	2025-07-17 13:56:52.3	2025-07-18 21:49:06.994	\N
41	PEN PRO	7	2025-07-17 13:55:18.902	2025-07-18 21:49:19.356	\N
42	PEN 2 - TYPE C	7	2025-07-17 13:56:31.078	2025-07-18 21:49:25.995	\N
44	MAGIC MOUSE 3 - 3	7	2025-07-17 13:57:26.35	2025-07-18 21:49:32.018	\N
55	(CH) 16 بدون ریجستر	8	2025-07-18 22:00:21.911	2025-07-18 22:12:50.941	\N
61	(CH) 16	8	2025-07-18 22:12:34.82	2025-07-18 22:16:19.878	\N
53	(CH) 16	8	2025-07-18 21:57:32.348	2025-07-18 22:08:09.024	\N
54	(CH) 16	8	2025-07-18 21:58:40.169	2025-07-18 22:08:23.374	\N
52	(CH) 16	8	2025-07-18 21:56:48.687	2025-07-18 22:08:29.02	\N
51	(CH) 16	8	2025-07-18 21:56:17.808	2025-07-18 22:08:33.735	\N
50	(CH) 16	8	2025-07-18 21:55:23.608	2025-07-18 22:08:40.106	\N
62	ghfghfgh	7	2025-07-18 23:28:35.472	2025-07-18 23:28:35.472	hjkhj
63	Apple Watch Ultra 2 NEW 49MM	7	2025-07-18 23:30:58.297	2025-07-18 23:30:58.297	\N
65	IWATCH 9 41MM	7	2025-07-18 23:33:25.2	2025-07-18 23:33:25.2	\N
68	IWATCH 10 46MM	7	2025-07-18 23:34:51.132	2025-07-18 23:34:51.132	\N
66	IWATCH 10 46MM	7	2025-07-18 23:33:57.051	2025-07-18 23:34:59.451	\N
67	IWATCH 10 46MM	7	2025-07-18 23:34:25.407	2025-07-18 23:35:08.328	\N
69	IWATCH 10 42MM	7	2025-07-18 23:35:47.567	2025-07-18 23:35:47.567	\N
64	Apple Watch Ultra 2 NEW 49MM	7	2025-07-18 23:31:18.168	2025-07-18 23:39:15.677	\N
91	AIR POD 2	7	2025-07-18 23:46:31.036	2025-07-18 23:47:02.235	\N
90	AIR POD 3	7	2025-07-18 23:46:08.04	2025-07-18 23:47:08.723	\N
87	AIR POD 4	7	2025-07-18 23:45:12.078	2025-07-18 23:47:15.996	\N
88	AIR POD 4 ANC	7	2025-07-18 23:45:31.719	2025-07-18 23:47:23.036	\N
89	AIR POD PRO 2	7	2025-07-18 23:45:48.359	2025-07-18 23:47:28.878	\N
78	AIR PODS MAX	7	2025-07-18 23:41:21.156	2025-07-18 23:47:33.914	\N
77	AIR PODS MAX 2	7	2025-07-18 23:40:57.2	2025-07-18 23:47:44.743	\N
76	AIR PODS MAX 2	7	2025-07-18 23:40:31.722	2025-07-18 23:47:52.36	\N
75	AIR PODS MAX 2	7	2025-07-18 23:40:06.557	2025-07-18 23:47:58.555	\N
81	CHARGER 20W 3PIN ORGINAL	7	2025-07-18 23:43:04.518	2025-07-18 23:48:04.955	\N
70	IWATCH 10 42MM	7	2025-07-18 23:36:31.545	2025-07-18 23:48:13.558	\N
73	IWATCH 10 SE	7	2025-07-18 23:37:55.313	2025-07-18 23:48:22.076	\N
74	IWATCH 10 SE 40MM	7	2025-07-18 23:38:33.958	2025-07-18 23:48:29.554	\N
72	IWATCH 10 SE 44MM	7	2025-07-18 23:37:30.956	2025-07-18 23:48:36.799	\N
71	IWATCH 10 SE 44MM	7	2025-07-18 23:37:01.355	2025-07-18 23:48:44.323	\N
85	PEN 2 - TYPE C	7	2025-07-18 23:44:28.011	2025-07-18 23:48:50.277	\N
84	PEN PRO	7	2025-07-18 23:44:09.283	2025-07-18 23:48:56.425	\N
86	USB-C TO APPLE PENCIL	7	2025-07-18 23:44:46.835	2025-07-18 23:49:02.425	\N
79	تبدیل 3 به 2 هادرون تایمر دار	7	2025-07-18 23:41:49.802	2025-07-18 23:49:10.276	\N
80	تبدیل 3 به 2 هادرون چراغ دار	7	2025-07-18 23:42:21.717	2025-07-18 23:49:16.915	\N
83	کابل اصلی لایتنینگ	7	2025-07-18 23:43:45.668	2025-07-18 23:49:23.755	\N
82	کابل کنفی اصلی TYPE C	7	2025-07-18 23:43:26.197	2025-07-18 23:49:30.838	\N
94	(CH) IPHONE 16	8	2025-07-19 13:10:48.997	2025-07-20 14:27:03.321	\N
118	(CH) IPHONE 16 PRO MAX	8	2025-07-19 14:58:07.028	2025-07-20 14:27:29.456	\N
98	(CH) IPHONE 16	8	2025-07-19 13:24:17.961	2025-07-20 14:26:48.923	\N
105	(ZAA) IPHONE 16 PRO	8	2025-07-19 14:45:01.176	2025-07-20 14:30:40.966	\N
96	(CH) IPHONE 16	8	2025-07-19 13:18:36.192	2025-07-20 14:26:32.454	\N
97	(CH) 16 بدون ریجستر	7	2025-07-19 13:23:46.65	2025-07-19 13:23:46.65	\N
100	(ZAA) IPHONE 16 PRO بدون ریجستر	8	2025-07-19 13:26:37.148	2025-07-20 14:36:05.762	\N
106	(ZAA) IPHONE 16 PRO بدون ریجستر	8	2025-07-19 14:45:36.9	2025-07-20 14:36:24.86	\N
104	(CH) 16 PRO بدون ریجستر	7	2025-07-19 13:34:11.801	2025-07-19 13:34:11.801	\N
95	(CH) IPHONE 16	8	2025-07-19 13:13:26.83	2025-07-20 14:26:26.05	\N
92	(CH) IPHONE 16	8	2025-07-19 12:59:31.396	2025-07-20 14:26:56.285	\N
102	(CH) IPHONE 16 PRO بدون ریجستر	8	2025-07-19 13:31:24.649	2025-07-20 14:27:50.125	\N
93	(CH) IPHONE 16 بدون ریجستر	8	2025-07-19 13:01:44.253	2025-07-20 14:28:04.374	\N
108	(ZAA) IPHONE 16 PRO	8	2025-07-19 14:47:57.509	2025-07-20 14:30:51.532	\N
107	(ZAA) IPHONE 16 PRO	8	2025-07-19 14:46:57.56	2025-07-20 14:31:00.44	\N
101	(ZAA) IPHONE 16 PRO	8	2025-07-19 13:30:11.847	2025-07-20 14:31:20.002	\N
124	(ZAA) IPHONE 16 PRO MAX	8	2025-07-19 15:02:09.556	2025-07-20 14:31:39.482	\N
119	(ZAA) IPHONE 16 PRO MAX	8	2025-07-19 14:58:41.429	2025-07-20 14:31:49.562	\N
121	(ZAA) IPHONE 16 PRO MAX	8	2025-07-19 15:00:16.23	2025-07-20 14:32:02.963	\N
115	(ZAA) IPHONE 16 PRO MAX	8	2025-07-19 14:53:48.238	2025-07-20 14:32:15.362	\N
122	(ZAA) IPHONE 16 PRO MAX	8	2025-07-19 15:00:45.187	2025-07-20 14:32:29.283	\N
117	(ZAA) IPHONE 16 PRO MAX	8	2025-07-19 14:57:05.635	2025-07-20 14:32:40.13	\N
125	(ZAA) IPHONE 16 PRO MAX	8	2025-07-19 15:02:32.175	2025-07-20 14:33:25.003	\N
111	(ZAA) IPHONE 16 PRO MAX	8	2025-07-19 14:50:19.554	2025-07-20 14:33:14.367	\N
109	(ZAA) IPHONE 16 PRO MAX	8	2025-07-19 14:48:49.154	2025-07-20 14:33:42.602	\N
113	(ZAA) IPHONE 16 PRO MAX	8	2025-07-19 14:51:57.669	2025-07-20 14:33:54.691	\N
120	(ZAA) IPHONE 16 PRO MAX بدون ریجستر	8	2025-07-19 14:59:17.069	2025-07-20 14:34:58.601	\N
112	(ZAA) IPHONE 16 PRO MAX بدون ریجستر	8	2025-07-19 14:51:12.316	2025-07-20 14:35:11.922	\N
123	(ZAA) IPHONE 16 PRO MAX بدون ریجستر	8	2025-07-19 15:01:14.428	2025-07-20 14:35:29.092	\N
114	(ZAA) IPHONE 16 PRO MAX بدون ریجستر	8	2025-07-19 14:52:33.597	2025-07-20 14:35:40.45	\N
99	(ZAA) IPHONE 16 PRO بدون ریجستر	8	2025-07-19 13:25:28.33	2025-07-20 14:35:52.048	\N
134	(LLA) IPHONE 13 PRO	8	2025-07-19 15:24:01.633	2025-07-20 14:28:41.687	\N
135	(LLA) IPHONE 13 PRO	8	2025-07-19 15:26:23.879	2025-07-20 14:29:10.051	\N
137	IPAD AIR 6-WIFI 11 	8	2025-07-19 15:28:19.939	2025-07-19 15:28:19.939	\N
138	IPAD AIR 7 -13 M3	8	2025-07-19 15:28:47.9	2025-07-19 15:29:49.744	\N
139	IPAD AIR 7 -13 M3	8	2025-07-19 15:32:29.781	2025-07-19 15:32:29.781	\N
140	IPAD AIR 7 -11 M3	8	2025-07-19 15:33:23.099	2025-07-19 15:33:23.099	\N
141	IPAD AIR5 WIFI 	8	2025-07-19 15:33:51.897	2025-07-19 15:34:24.5	\N
142	IPAD AIR5 WIFI 	8	2025-07-19 15:34:53.54	2025-07-19 15:34:53.54	\N
143	IPAD 11 (A16)	8	2025-07-19 15:35:36.059	2025-07-19 15:35:36.059	\N
144	IPAD 11 (A16)	8	2025-07-19 15:36:26.423	2025-07-19 15:36:26.423	\N
145	IPAD 11 (A16)	8	2025-07-19 15:36:58.153	2025-07-19 15:36:58.153	\N
146	 IPAD PRO 2022 12.9 WIFI	8	2025-07-19 15:37:46.761	2025-07-19 15:37:46.761	\N
147	IPAD PRO 2022 12.9	8	2025-07-19 15:39:17.751	2025-07-19 15:39:17.751	\N
148	IPAD PRO 2024 11 M4	8	2025-07-19 15:40:02.113	2025-07-19 15:40:53.716	\N
150	IPAD PRO 2024 13 M4	8	2025-07-19 16:08:35.528	2025-07-19 16:08:35.528	\N
151	IPAD PRO 2024 13 M4	8	2025-07-19 16:09:41.178	2025-07-19 16:09:41.178	\N
152	IPAD PRO 2024 13 WIFI M4	8	2025-07-19 16:10:16.165	2025-07-19 16:10:34.181	\N
153	IPAD MINI 6 WIFI	8	2025-07-19 16:11:51.63	2025-07-19 16:11:51.63	\N
154	MACBOOK AIR M4 13	8	2025-07-19 16:12:42.768	2025-07-19 16:12:42.768	\N
155	Macbook PRO - 0M4 16	8	2025-07-19 16:13:23.896	2025-07-19 16:13:23.896	\N
157	MACBOOK AIR M3 13	8	2025-07-19 16:14:46.861	2025-07-19 16:14:46.861	\N
158	MACBOOK AIR M3 13	8	2025-07-19 16:15:18.849	2025-07-19 16:15:18.849	\N
159	MACBOOK AIR M3 13	8	2025-07-19 16:15:48.24	2025-07-19 16:15:48.24	\N
160	MACBOOK AIR M3 15	8	2025-07-19 16:16:51.78	2025-07-19 16:16:51.78	\N
161	GALAXY WATCH ULTRA 47MM	9	2025-07-19 16:19:16.454	2025-07-19 16:19:16.454	\N
162	GALAXY WATCH ULTRA 47MM	9	2025-07-19 16:20:16.768	2025-07-19 16:20:16.768	\N
163	GALAXY WATCH ULTRA 47MM	9	2025-07-19 16:20:48.77	2025-07-19 16:20:48.77	\N
164	GALAXY WATCH 7 44MM	9	2025-07-19 16:21:35.415	2025-07-19 16:21:35.415	\N
165	GALAXY WATCH 7 44MM	9	2025-07-19 16:22:18.49	2025-07-19 16:22:18.49	\N
166	GALAXY WATCH 7 44MM	9	2025-07-19 16:22:45.411	2025-07-19 16:22:45.411	\N
167	GALAXY WATCH 6 CLASSIC 47MM	9	2025-07-19 16:23:19.113	2025-07-19 16:23:19.113	\N
168	GALAXY WATCH 6 CLASSIC 47MM	9	2025-07-19 16:23:52.759	2025-07-19 16:23:52.759	\N
169	GALAXY WATCH 6 CLASSIC 47MM	9	2025-07-19 16:24:16.343	2025-07-19 16:24:16.343	\N
170	GALAXY WATCH 6 CLASSIC 43MM	9	2025-07-19 16:25:00.474	2025-07-19 16:25:00.474	\N
171	GALAXY WATCH 6 CLASSIC 43MM	9	2025-07-19 16:25:46.502	2025-07-19 16:25:46.502	\N
172	GALAXY WATCH 6 44MM	9	2025-07-19 16:26:23.627	2025-07-19 16:26:23.627	\N
173	GALAXY WATCH 6 44MM	9	2025-07-19 16:26:52.834	2025-07-19 16:26:52.834	\N
174	GALAXY WATCH 6 40MM	9	2025-07-19 16:27:38.473	2025-07-19 16:27:38.473	\N
175	GALAXY WATCH 5 PRO 45MM	9	2025-07-19 16:34:12.309	2025-07-19 16:34:12.309	\N
176	FIT 3	9	2025-07-19 16:35:48.196	2025-07-19 16:35:48.196	\N
177	BUDS LIVE	9	2025-07-19 16:36:27.879	2025-07-19 16:36:27.879	\N
178	BUDS 3 PRO	9	2025-07-19 16:37:16.231	2025-07-19 16:37:16.231	\N
179	BUDS 3	9	2025-07-19 16:37:53.997	2025-07-19 16:37:53.997	\N
180	BUDS 2 PRO	9	2025-07-19 16:38:37.508	2025-07-19 16:38:37.508	\N
181	BUDS FE	9	2025-07-19 16:39:55.532	2025-07-19 16:39:55.532	\N
182	CHARGER 45W بدون کابل	9	2025-07-19 16:40:17.765	2025-07-19 16:40:17.765	\N
183	CHARGER 45W + (CABLE)	9	2025-07-19 16:40:44.208	2025-07-19 16:40:44.208	\N
184	CHARGER 25W SAMSUNG	9	2025-07-19 16:41:05.516	2025-07-19 16:41:05.516	\N
185	SAMSUNG A06 RAM 6	10	2025-07-19 16:44:38.472	2025-07-22 14:08:21.743	\N
190	SAMSUNG A16 RAM 4	10	2025-07-19 16:53:03.514	2025-07-22 14:08:29.506	\N
189	SAMSUNG A16 RAM 6	10	2025-07-19 16:51:26.314	2025-07-22 14:08:38.783	\N
193	SAMSUNG A26 RAM 6	10	2025-07-19 16:57:04.069	2025-07-22 14:08:52.424	\N
188	SAMSUNG A16 RAM 8	10	2025-07-19 16:48:36.829	2025-07-22 14:08:45.824	\N
191	SAMSUNG A26 RAM 8	10	2025-07-19 16:54:48.628	2025-07-22 14:08:59.31	\N
192	A26 RAM 8	9	2025-07-19 16:55:28.166	2025-07-19 16:56:16.591	\N
197	SAMSUNG A56 -5G RAM 12	10	2025-07-19 21:28:10.701	2025-07-22 14:09:36.263	\N
221	X9 C RAM 12	11	2025-07-19 23:26:16.213	2025-07-19 23:26:16.213	\N
222	X9 C SMART RAM 12	11	2025-07-19 23:26:58.05	2025-07-19 23:26:58.05	\N
223	X7 C RAM 8	11	2025-07-19 23:27:49.13	2025-07-19 23:27:59.479	\N
224	X6 B RAM 6	11	2025-07-19 23:28:29.965	2025-07-19 23:28:29.965	\N
225	HONOR 200	11	2025-07-19 23:29:01.962	2025-07-19 23:29:09.347	\N
226	HONOR 400 PRO RAM 12	11	2025-07-19 23:29:52.24	2025-07-19 23:29:52.24	\N
227	HONOR 200 RAM 12	11	2025-07-19 23:30:44.243	2025-07-19 23:30:44.243	\N
228	C75 RAM 8	12	2025-07-19 23:32:11.604	2025-07-19 23:32:11.604	\N
229	NOTE 50 RAM 8	12	2025-07-19 23:32:50.326	2025-07-19 23:32:50.326	\N
230	NOTE 50	12	2025-07-19 23:33:21.012	2025-07-19 23:33:21.012	\N
231	MOTO BUDS	14	2025-07-19 23:35:44.438	2025-07-19 23:35:44.438	\N
232	MOTO SP110	14	2025-07-19 23:36:07.518	2025-07-19 23:36:07.518	\N
233	HANDS FREE MOTOROLA	14	2025-07-19 23:36:32.598	2025-07-19 23:36:32.598	\N
234	EDGE 50 RAM 12	15	2025-07-19 23:39:29.64	2025-07-19 23:39:29.64	\N
235	EDGE 50 RAM 12	15	2025-07-19 23:40:01.359	2025-07-19 23:40:01.359	\N
236	EDGE 50 RAM 12	15	2025-07-19 23:40:29.311	2025-07-19 23:40:29.311	\N
237	EDGE 50 FUSION RAM 12	15	2025-07-19 23:41:14.564	2025-07-19 23:41:14.564	\N
238	MOTO G73 5G RAM 8	15	2025-07-19 23:41:54.25	2025-07-19 23:41:54.25	\N
239	MOTO G35 RAM 8	15	2025-07-19 23:43:31.483	2025-07-19 23:43:31.483	\N
129	(CH) IPHONE 13	8	2025-07-19 15:18:29.011	2025-07-20 14:21:07.045	\N
132	(ZAA) IPHONE 13 PRO	8	2025-07-19 15:21:05.92	2025-07-20 14:29:50.801	\N
128	(CH) IPHONE 14	8	2025-07-19 15:17:36.502	2025-07-20 14:29:27.762	\N
131	(ZAA) IPHONE 13 PRO	8	2025-07-19 15:20:15.883	2025-07-20 14:30:00.809	\N
136	(ZAA) IPHONE 13 PRO MAX	8	2025-07-19 15:27:00.978	2025-07-20 14:30:29.815	\N
156	MACBOOK AIR M2 13	8	2025-07-19 16:14:02.568	2025-07-20 14:36:44.008	\N
149	IPAD PRO 2024 11 M4	8	2025-07-19 16:06:18.982	2025-07-20 14:37:01.802	\N
187	SAMSUNG A06 RAM 4	10	2025-07-19 16:46:50.993	2025-07-22 14:07:43.36	\N
196	SAMSUNG A36 -5G RAM 12	10	2025-07-19 21:27:07.261	2025-07-22 14:09:08.623	\N
194	SAMSUNG A36 -5G RAM 8	10	2025-07-19 17:22:53.578	2025-07-22 14:09:15.064	\N
198	SAMSUNG A56 -5G RAM 8	10	2025-07-19 21:29:00.659	2025-07-22 14:09:42.821	\N
199	SAMSUNG A56 -5G RAM 8	10	2025-07-19 21:30:17.063	2025-07-22 14:09:58.431	\N
218	SAMSUNG A9 + -5G RAM 4	10	2025-07-19 23:16:41.639	2025-07-22 14:10:05.665	\N
217	SAMSUNG A9 + G5 RAM 8	10	2025-07-19 23:15:52.281	2025-07-22 14:10:12.546	\N
219	SAMSUNG A9 RAM 8	10	2025-07-19 23:18:08.195	2025-07-22 14:10:26.196	\N
215	SAMSUNG S10 FE WIFI RAM 8	10	2025-07-19 23:14:25.081	2025-07-22 14:10:33.061	\N
216	SAMSUNG S10 FE+ WIFI RAM 8	10	2025-07-19 23:15:03.205	2025-07-22 14:10:39.542	\N
212	SAMSUNG S10 ULTRA WIFI RAM 23	10	2025-07-19 23:12:00.395	2025-07-22 14:10:47.025	\N
213	SAMSUNG S10+ RAM 12	10	2025-07-19 23:13:18.202	2025-07-22 14:10:56.343	\N
205	SAMSUNG S24 FE RAM 8	10	2025-07-19 21:41:51.334	2025-07-22 14:11:08.099	\N
206	SAMSUNG S24 FE RAM 8	10	2025-07-19 21:42:39.658	2025-07-22 14:11:14.954	\N
204	SAMSUNG S24 ULTRA RAM 12	10	2025-07-19 21:41:02.667	2025-07-22 14:11:21.533	\N
200	SAMSUNG S25 EDGE RAM 12	10	2025-07-19 21:37:13.311	2025-07-22 14:11:28.208	\N
202	SAMSUNG S25 ULTRA RAM 12	10	2025-07-19 21:39:09.759	2025-07-22 14:11:33.955	\N
203	SAMSUNG S25 ULTRA RAM 12	10	2025-07-19 21:40:14.021	2025-07-22 14:11:39.713	\N
211	SAMSUNG TAB S6 LITE RAM 4	10	2025-07-19 23:02:35.556	2025-07-22 14:12:12.115	\N
210	SAMSUNG TAB S6 LITE WIFI RAM 4	10	2025-07-19 23:01:57.762	2025-07-22 14:12:21.395	\N
207	SAMSUNG Z FOLD 6 RAM 12	10	2025-07-19 22:06:03.465	2025-07-22 14:12:29.482	\N
208	SAMSUNG Z FOLD 6 RAM 12	10	2025-07-19 22:08:35.231	2025-07-22 14:12:36.387	\N
209	SAMSUNG ZFLIP 3 5G RAM 8	10	2025-07-19 23:00:24.96	2025-07-22 14:12:44.233	\N
240	MOTO G54 RAM 8	15	2025-07-19 23:44:31.248	2025-07-19 23:44:31.248	\N
241	MOTO G54 RAM 12	15	2025-07-19 23:46:29.395	2025-07-19 23:46:29.395	\N
242	PIXEL 9 PRO RAM 16	16	2025-07-19 23:59:26.271	2025-07-19 23:59:26.271	\N
243	PIXEL 9 PRO RAM 16	16	2025-07-19 23:59:52.44	2025-07-19 23:59:52.44	\N
244	PIXEL 9 PRO RAM 16	16	2025-07-20 00:01:23.958	2025-07-20 00:01:23.958	\N
245	PIXEL 9 PRO FOLD RAM 16	16	2025-07-20 00:02:47.281	2025-07-20 00:02:47.281	\N
246	PIXEL 9 PRO XL RAM 16	16	2025-07-20 00:05:02.925	2025-07-20 00:05:02.925	\N
247	PIXEL 9 PRO XL RAM 16	16	2025-07-20 00:06:36.842	2025-07-20 00:06:36.842	\N
248	PIXEL 9 PRO XL RAM 16	16	2025-07-20 00:09:07.768	2025-07-20 00:09:07.768	\N
249	PIXEL 8 A RAM 8	16	2025-07-20 00:12:27.864	2025-07-20 00:12:27.864	\N
250	PIXEL 8 A RAM 8	16	2025-07-20 00:14:19.6	2025-07-20 00:14:19.6	\N
251	PIXEL 9A RAM 8	16	2025-07-20 00:15:19.398	2025-07-20 00:15:19.398	\N
252	PIXEL 9A RAM 8	16	2025-07-20 00:15:52.037	2025-07-20 00:15:52.037	\N
253	PIXEL 9A RAM 8	16	2025-07-20 00:17:38.026	2025-07-20 00:17:38.026	\N
254	PIXEL WATCH 3 45 MM	16	2025-07-20 00:19:51.643	2025-07-20 00:19:51.643	\N
255	PIXEL WATCH 3 	16	2025-07-20 00:20:53.394	2025-07-20 00:20:53.394	\N
256	PIXEL BUDS PRO 2	16	2025-07-20 00:21:24.324	2025-07-20 00:21:24.324	\N
257	NOTHING CMF	17	2025-07-20 00:26:09.676	2025-07-20 00:26:09.676	\N
258	NOTHING CMF	17	2025-07-20 00:28:41.406	2025-07-20 00:28:41.406	\N
259	NOTHING CMF	17	2025-07-20 00:29:22.323	2025-07-20 00:29:22.323	\N
260	PHONE 2 RAM 12	18	2025-07-20 00:32:37.201	2025-07-20 00:32:37.201	\N
261	PHONE 2 RAM 12	18	2025-07-20 00:33:04.643	2025-07-20 00:33:04.643	\N
262	PHONE 2A+ RAM12	18	2025-07-20 00:33:35.963	2025-07-20 00:33:35.963	\N
263	PHONE 2A RAM 12	18	2025-07-20 00:34:09.078	2025-07-20 00:34:09.078	\N
266	SCOOTER 5 MAX اسکوتر شیائومی	19	2025-07-20 01:19:16.516	2025-07-20 01:19:16.516	\N
265	SCOOTER 4 PRO 2ND اسکوتر شیائومی	19	2025-07-20 01:18:47.789	2025-07-20 01:19:24.955	\N
264	SCOOTER 5GI اسکوتر شیائومی	19	2025-07-20 01:18:27.838	2025-07-20 01:19:35.268	\N
267	POWER BANK 20000	19	2025-07-20 01:20:09.044	2025-07-20 01:20:09.044	\N
268	MI BAND 9	19	2025-07-20 01:20:42.078	2025-07-20 01:20:42.078	\N
269	MI BAND 8	19	2025-07-20 01:21:07.089	2025-07-20 01:21:07.089	\N
270	اتو بخار میجیکا	19	2025-07-20 01:21:27.953	2025-07-20 01:21:27.953	\N
271	PAD 7 RAM 8	20	2025-07-20 01:22:28.642	2025-07-20 01:22:28.642	\N
272	REDMI PAD PRO RAM 8	20	2025-07-20 01:23:03.273	2025-07-20 01:23:03.273	\N
273	REDMI POCO PAD	20	2025-07-20 01:23:38.399	2025-07-20 01:23:38.399	\N
274	REDMI PAD SE RAM 8	20	2025-07-20 01:24:03.983	2025-07-20 01:24:03.983	\N
275	REDMI PAD SE RAM 8	20	2025-07-20 01:24:41.468	2025-07-20 01:24:41.468	\N
293	ONE PLUS BUDS 2R	22	2025-07-20 01:37:09.658	2025-07-20 01:37:09.658	\N
294	ONE PLUS WATCH NORD	22	2025-07-20 01:37:34.663	2025-07-20 01:37:34.663	\N
295	ONE PLUS 45W	22	2025-07-20 01:38:03.066	2025-07-20 01:38:03.066	\N
296	ONE PLUS NORD 4 RAM 16	23	2025-07-20 01:38:49.755	2025-07-20 01:38:49.755	\N
297	ONE PLUS 12 RAM 16	23	2025-07-20 01:39:41.571	2025-07-20 01:39:41.571	\N
298	ONE PLUS 13R RAM 12	23	2025-07-20 01:40:20.906	2025-07-20 01:40:20.906	\N
299	ONE PLUS 13R RAM 16	23	2025-07-20 01:41:00.961	2025-07-20 01:41:00.961	\N
300	ONE PLUS 13 RAM 16	23	2025-07-20 01:41:33.02	2025-07-20 01:41:33.02	\N
130	(CH) IPHONE 13	8	2025-07-19 15:19:01.984	2025-07-20 14:20:56.402	\N
126	(CH) IPHONE 14	8	2025-07-19 15:16:25.509	2025-07-20 14:21:43.93	\N
127	(CH) IPHONE 14	8	2025-07-19 15:16:51.195	2025-07-20 14:26:01.042	\N
116	(CH) IPHONE 16 PRO MAX	8	2025-07-19 14:54:18.907	2025-07-20 14:27:21.086	\N
133	(LLA) IPHONE 13 PRO	8	2025-07-19 15:23:20.614	2025-07-20 14:28:28.961	\N
103	(ZAA) IPHONE 16 PRO	8	2025-07-19 13:32:55.885	2025-07-20 14:31:10.93	\N
110	(ZAA) IPHONE 16 PRO MAX بدون ریجستر	8	2025-07-19 14:49:31.971	2025-07-20 14:34:36.161	\N
195	SAMSUNG A36 -5G RAM 8	10	2025-07-19 21:23:51.154	2025-07-22 14:09:24.913	\N
220	SAMSUNG A9 RAM 4	10	2025-07-19 23:18:48.519	2025-07-22 14:10:19.102	\N
214	SAMSUNG S10+ WIFI RAM 12	10	2025-07-19 23:13:56.52	2025-07-22 14:11:02.089	\N
201	SAMSUNG S25 ULTRA RAM 12	10	2025-07-19 21:38:30.454	2025-07-22 14:11:45.709	\N
186	SAMSUNG A06 RAM 4	10	2025-07-19 16:45:40.282	2025-07-22 14:11:58.317	\N
281	XIAOMI C71 RAM 4	25	2025-07-20 01:29:04.847	2025-07-22 14:13:55.636	\N
278	XIAOMI M7 PRO RAM 12	25	2025-07-20 01:27:40.831	2025-07-22 14:14:02.559	\N
279	XIAOMI M7 PRO RAM 12	25	2025-07-20 01:28:10.135	2025-07-22 14:14:08.752	\N
286	XIAOMI NOTE 14 PRO 4G RAM 12	25	2025-07-20 01:32:04.222	2025-07-22 14:14:14.955	\N
287	XIAOMI NOTE 14 PRO 4G RAM 8	25	2025-07-20 01:32:41.002	2025-07-22 14:14:25.179	\N
285	XIAOMI NOTE 14 PRO 5G RAM 12	25	2025-07-20 01:31:26.095	2025-07-22 14:14:31.882	\N
288	XIAOMI NOTE 14 RAM 8 	25	2025-07-20 01:33:20.575	2025-07-22 14:14:37.563	\N
284	XIAOMI NOTE 14 S RAM 8	25	2025-07-20 01:30:43.013	2025-07-22 14:14:43.925	\N
283	XIAOMI NOTE 14 S RAM 8	25	2025-07-20 01:30:14.06	2025-07-22 14:14:49.806	\N
282	XIAOMI POCO C75 RAM 8	25	2025-07-20 01:29:42.276	2025-07-22 14:14:56.405	\N
280	XIAOMI POCO M5 S 4G RAM 8	25	2025-07-20 01:28:36.933	2025-07-22 14:15:02.331	\N
277	XIAOMI POCO X7 PRO RAM 12	25	2025-07-20 01:27:05.23	2025-07-22 14:15:11.248	\N
276	XIAOMI POCO X7 RAM 12	25	2025-07-20 01:26:32.761	2025-07-22 14:15:18.81	\N
289	XIAOMI REDMI 13X RAM 8 	25	2025-07-20 01:34:01.333	2025-07-22 14:15:28.579	\N
292	XIAOMI REDMI A3 RAM 4	25	2025-07-20 01:36:02.485	2025-07-22 14:15:34.972	\N
291	XIAOMI REDMI A5 RAM 3	25	2025-07-20 01:35:33.862	2025-07-22 14:15:40.168	\N
290	XIAOMI REDMI A5 RAM 4	25	2025-07-20 01:34:38.533	2025-07-22 14:15:47.811	\N
\.


--
-- Data for Name: User; Type: TABLE DATA; Schema: public; Owner: morteza
--

COPY public."User" (id, email, password, "createdAt") FROM stdin;
1	seyedmouri@gmail.com	$2b$12$9m5zkREPH/hBYJH5D.KOLO6QI2w8UaMj/R66mZVxVvuixCVha3maq	2025-07-12 18:10:41.479
\.


--
-- Data for Name: _prisma_migrations; Type: TABLE DATA; Schema: public; Owner: morteza
--

COPY public._prisma_migrations (id, checksum, finished_at, migration_name, logs, rolled_back_at, started_at, applied_steps_count) FROM stdin;
7795136c-d77a-4e30-a92a-b83b1c35dc0f	34b68a274d82b34e7a1793a831a1958d5fb70fb1d4394df64270cd7315fa7c3b	2025-07-18 23:25:05.252601+00	20250718232505_increase_price_precision	\N	\N	2025-07-18 23:25:05.229262+00	1
\.


--
-- Name: Category_id_seq; Type: SEQUENCE SET; Schema: public; Owner: morteza
--

SELECT pg_catalog.setval('public."Category_id_seq"', 26, true);


--
-- Name: Price_id_seq; Type: SEQUENCE SET; Schema: public; Owner: morteza
--

SELECT pg_catalog.setval('public."Price_id_seq"', 281, true);


--
-- Name: Product_id_seq; Type: SEQUENCE SET; Schema: public; Owner: morteza
--

SELECT pg_catalog.setval('public."Product_id_seq"', 300, true);


--
-- Name: User_id_seq; Type: SEQUENCE SET; Schema: public; Owner: morteza
--

SELECT pg_catalog.setval('public."User_id_seq"', 3, true);


--
-- Name: Category Category_pkey; Type: CONSTRAINT; Schema: public; Owner: morteza
--

ALTER TABLE ONLY public."Category"
    ADD CONSTRAINT "Category_pkey" PRIMARY KEY (id);


--
-- Name: Price Price_pkey; Type: CONSTRAINT; Schema: public; Owner: morteza
--

ALTER TABLE ONLY public."Price"
    ADD CONSTRAINT "Price_pkey" PRIMARY KEY (id);


--
-- Name: Product Product_pkey; Type: CONSTRAINT; Schema: public; Owner: morteza
--

ALTER TABLE ONLY public."Product"
    ADD CONSTRAINT "Product_pkey" PRIMARY KEY (id);


--
-- Name: User User_pkey; Type: CONSTRAINT; Schema: public; Owner: morteza
--

ALTER TABLE ONLY public."User"
    ADD CONSTRAINT "User_pkey" PRIMARY KEY (id);


--
-- Name: _prisma_migrations _prisma_migrations_pkey; Type: CONSTRAINT; Schema: public; Owner: morteza
--

ALTER TABLE ONLY public._prisma_migrations
    ADD CONSTRAINT _prisma_migrations_pkey PRIMARY KEY (id);


--
-- Name: Category_name_key; Type: INDEX; Schema: public; Owner: morteza
--

CREATE UNIQUE INDEX "Category_name_key" ON public."Category" USING btree (name);


--
-- Name: User_email_key; Type: INDEX; Schema: public; Owner: morteza
--

CREATE UNIQUE INDEX "User_email_key" ON public."User" USING btree (email);


--
-- Name: Price Price_productId_fkey; Type: FK CONSTRAINT; Schema: public; Owner: morteza
--

ALTER TABLE ONLY public."Price"
    ADD CONSTRAINT "Price_productId_fkey" FOREIGN KEY ("productId") REFERENCES public."Product"(id) ON UPDATE CASCADE ON DELETE CASCADE;


--
-- Name: Product Product_categoryId_fkey; Type: FK CONSTRAINT; Schema: public; Owner: morteza
--

ALTER TABLE ONLY public."Product"
    ADD CONSTRAINT "Product_categoryId_fkey" FOREIGN KEY ("categoryId") REFERENCES public."Category"(id) ON UPDATE CASCADE ON DELETE CASCADE;


--
-- Name: SCHEMA public; Type: ACL; Schema: -; Owner: morteza
--

REVOKE USAGE ON SCHEMA public FROM PUBLIC;


--
-- PostgreSQL database dump complete
--

